ID_PERGUNTA,0,A,AA0,AA1,AA2,AA3,AA4,AA5,AA6,AA7,AA8,AA9,AA10,AA11,AA12,AA13,AA14,AA15,AA16,AA17,RAA17,AA18,AA19,AA20,AA21,AA23,AA22,AA24,AB0,AC1,AB1,AB2,AD0,AD1,AD2,AD3,AD4,D,DA1,DB1,DA2,DB3,DC1,DD1,DC2,DC3,DB4,DB0,DB2,DB5,DB6,DB7,DB8,DB9,DZ1,DZ2,DZ3,DZ0,DZ5,CA0,CA1,CA2,CB0,CA3,CA4,CA5,CB1,CA6,CA7,CA8,CA9,CA10,CA11,CZ1,CZ2,CZ3,CF,CB2,CB4,CC0,CC1,CC2,CC3,CD0,CB5,CB6,CB7,CC4,CC5,CD1,B,BA0,BA1,BA2,BA3,BA4,BC2,BC1,BA5,BA6,BA7,BA8,BA9,BA10,BB0,BB1,BB2,Teste,Teste2,teste3
PERGUNTA,"Você desembarca no aeroporto de Juazeiro do Norte e sente o clima quente e seco característico da região nordestina . /n/n  Olhando em volta vê as pessoas com as roupas mais leves e coloridas , alguns carregando malas e outros aguardando com placas de nomes de hotéis . /n/n  Após chegar na porta do aeroporto você pega a bolsa que você aprontou para a viagem e pega seu bloquinho de notas com os pontos turísticos mais conhecidos que você pesquisou. /n/n Abrindo o bloquinho você pensa por onde começar. ",Pegando o catalogo de pontos famosos do nordeste de sua bolsa você vê dois lugares que te  chamaram atenção mas para qual ir ?,"Você esta decidido visitar a estatua do Padre Cicero, construída em 1969 e com 30 metros de altura, a estatua representa Padre Cicero, uma das figuras mais conhecidas da história da região, amplamente conhecido no meio religioso. /n/n Ao pensar em uma maneira de chegar lá, você vê um grupo de romeiros, oque você decide fazer?","Os romeiros são amigáveis, e ate lhe convidam para subir o horto com eles. /n/n Em certo momento, na subida do horto o ônibus para, e alguns romeiros decidem descer, e subir todo o caminho ate a estatua a pé, e outros vão continuar a subida no ônibus, e lhe perguntam oque você decide fazer.","Ao decidir subir o morro a pé, os romeiros lhe contam que existem 14 estações, mostrando o percurso que Jesus passou durante seu Calvário, em imagens preto e banco de que lembram Xilogravuras, e que faz parte do costume dos romeiros fazer uma longa caminhada e orações em cada uma das 14 estações. ","1 estação - Jesus é condenado a morte./n A primeira estação mostra a imagem de Pilatos condenando Jesus a morte. /n Enquanto alguns romeiros se ajoelham para orar, outros continuam em pé, oque você decide fazer?","2 estação - Jesus carrega a cruz

A segunda estação mostra Jesus sendo entregue aos judeus, e recebendo a cruz nos ombros para começar sua dura jornada

Enquanto alguns romeiros se ajoelham para orar, outros continuam em pé, oque você decide fazer?","3 estação - Jesus cai pela primeira vez.

Na terceira estação tem a representação de jesus caindo sobre a cruz, pela primeira vez e recebendo a coroa de espinhos.

Enquanto alguns romeiros se ajoelham para orar, outros continuam em pé, oque você decide fazer?","4 estação - Jesus encontra Maria, sua mãe.

Na quarta estação jesus encontra-se com sua mãe

Enquanto alguns romeiros se ajoelham para orar, outros continuam em pé, oque você decide fazer?","5 estação - Simão ajuda Jesus a carregar a cruz.

Na quinta estação, Cirineu ajuda jesus a carregar a cruz a caminho do calvário

Enquanto alguns romeiros se ajoelham para orar, outros continuam em pé, oque você decide fazer?","6 estação – Verônica enxuga a face de Jesus

A sexta estação traz uma mulher de jerusalém limpando o rosto ensanguentado de Jesus.

Enquanto alguns romeiros se ajoelham para orar, outros continuam em pé, oque você decide fazer?","7 estação - Jesus cai pela segunda vez.

A sétima estação representa o peso da cruz, as forças de jesus se esgotam, jesus cai pela segunda vez.

Enquanto alguns romeiros se ajoelham para orar, outros continuam em pé, oque você decide fazer?","8 estação -  Jesus consola as filhas de Jerusalém

na oitava estação jesus consola as mulheres de jerusalém, que choram ao vê-lo em meio a tanto sofrimento

Enquanto alguns romeiros se ajoelham para orar, outros continuam em pé, oque você decide fazer?","9 estação - Jesus cai pela terceira vez

Na noma estação, no topo do calvário, os algozes o chicoteavam e ele cai pela terceira vez.

Um detalhe lhe chama atenção nessa estação, uma fita vermelha, que esta presa a placa, que parece estar la a muito tempo, mas ainda sim a fita esta quase nova.

Enquanto alguns romeiros se ajoelham para orar, outros continuam em pé, oque você decide fazer?","10 estação - Jesus é despojado de suas vestes.

Na decima estação mostra a imagem de jesus sendo despido, para poder ser aprisionado a cruz

Enquanto alguns romeiros se ajoelham para orar, outros continuam em pé, oque você decide fazer?","11 estação - Jesus é pregado na Cruz

decima primeira estação representa a crueldade  da pregação de jesus, ele é fixado na cruz por pregos nos pulsos, e depois nas juntas do tornozelo e calcanhar.

Enquanto alguns romeiros se ajoelham para orar, outros continuam em pé, oque você decide fazer?","12 estação - Jesus morre na cruz

Nessa estação esta representando jesus na cruz, talvez uma das imagens mais icônicas da fé crista.

Enquanto alguns romeiros se ajoelham para orar, outros continuam em pé, oque você decide fazer?","13 estação - Jesus é despregado da cruz

Imagem mostra o corpo de jesus, retirado da cruz e colocado nos braços de sua mãe

Enquanto alguns romeiros se ajoelham para orar, outros continuam em pé, oque você decide fazer?","14 estação - O corpo de jesus é sepultado

a ultima imagem desta via sacra mostra o corpo de jesus sendo depositado em seu sepulcro

Enquanto alguns romeiros se ajoelham para orar, outros continuam em pé, oque você decide fazer?","Você chegou ate o topo do horto, aos pés da estatua de padre cicero, oque você quer fazer agora?

Você tem uma linda vista da cidade de juazeiro, ou você pode ir diretamente ate os pés da estatua.","O clima esta bom, nuvens brancas no céu, luz forte do sol, você gasta um bom tempo vendo a cidade de Juazeiro diante de você, em certo momento você olha pelos seus ombros e enxerga a estatua, como que lhe guardando, e entende que aquela estatua esta ali para guardar por Juazeiro, sempre observando e cuidando. /n /n E decide se aproximar dele agora. ","Você sobe uma ultima escada, e se encontra aos pés da estatua, uma enorme estatua branca, de um velho padre usando chapéu e segurando uma bengala.

Você vê algumas pessoas dando 3 voltas ao redor da bengala, e lembra que um dos romeiros falou que existe uma cultura de fazer um pedido e dar 3 voltas ao redor da bengala para ter seu pedido realizado.

você decide também fazer essa superstição, ou a viagem já foi o bastante para você?","Você mentaliza seu desejo, e esta pronto para dar a primeira volta.","Com um pouco de dificuldade você da a primeira volta, e lembra que é dito que pessoas com muito pecado não conseguem dar as 3 voltas na bengala.","Você consegue dar a segunda volta agora sem dificuldades, e se prepara para a terceira volta","Você esta aos pés de padre cicero, e vendo uma das vistas mais belas que você já viu, com o forte vento batendo em seu rosto, você se sente completo.","Você fez seu pedido e deu as 3 voltas, agora você se sente pleno, e gostaria de tirar um tempo para apreciar a vista diretamente aos pés do padre cicero.","Você fez um dos percursos possíveis ate padre cicero, tente agora fazer o caminho ate outro ponto turístico, ou faça um caminho diferente ate padre cicero.

Parabéns por ter chegado a um dos finais, agradecemos sua participação.","O taxista começa a conversar sobre como padre Cicero é importante para aquela região, e conta algumas historias como a da Revolta de Juazeiro, onde padre cicero conseguiu unir a população e derrubar o governador do ceara.","O motorista fica animado ao perceber seu interesse no assunto, e começa a contar a historia com ainda mais animo e detalhes.

La por 1914, o governo federal proibiu algumas praticas e rituais religiosos, isso deixou a população revoltada, e padre cicero conseguiu unir a população em uma revolta, mandaram ate mesmo o exercito.

Mas a população se organizou com oque tinha, fizeram trincheiras, e fizeram um contra ataque tão forte ao exercito que eles abandonaram o campo de batalha, abandonando ate suas armas e o trem que vinheram, (O motorista da uma pequena risada), mas eles se arrependeram.

A população revoltosa invadiu o trem, e fez ele ir em direção a capital, Fortaleza, eles chegaram la primeiro que o própio exercito, que muitos vinheram a pé, e jogando seus uniforme fora para não serem capturados ou mortos, enquanto isso, a população conseguiu tirar o governador do poder, e quando o resto do exercito chegou na capital levou outra surra do povo.

No final o governo federal teve que voltar atrás com as medidas, e foi considerado uma vitoria do povo.","O motorista da pequenas risadas olhando a sua reação, e ele pede para você olhar para cima pela janela, ao fazer isso você vê um teleférico, e o motorista começa a contar que o teleférico leva diretamente ate o horto, aos pés do padre cicero, e pergunta se você jé andou de teleférico antes, e se você gostaria que ele lhe deixasse no teleférico, ou se gostaria de terminar a corrida com ele?","O uber parece feliz por você continuar a corrida com ele, mas você ainda não tem certeza se ele prefere ter uma corrida mais longa, ou ter alguém para poder conversar, tanto que pelos próximos 10 minutos comentando sobre um primo dele que trabalhou na construção do teleférico. /n/n Ate que entre um assunto e outro você começa a ver a grande e branca estatua se erguendo no horizonte, e finalmente você chegou ao topo do horto. ","Você indica ao uber sua vontade de ir de teleférico, você percebe que ele faz uma curva e pelos próximos 5 minutos fica contando a história de um primo dele que trabalhou na construção do teleférico, e algumas historias sobre o local. /n/n Chegando la você faz o pix para o uber e percebe uma fila diante do teleférico. ","A fila está um pouco extensa com pessoas animadas, pode demorar um pouco, talvez eu possa simplesmente esperar aqui em silencio ou posso tentar conversar com a pessoa na minha frente. ","Você puxa assunto com um jovem que esta na sua frente na fila, falando algo sobre uns quadros com fotografias na parece, para sua sorte, o jovem esta usando uma camisa do curso de historia da URCA, faculdade regional, e ele informa que essas fotografias foram uma campanha estadual que visava colocar fotos de cearenses comuns em estruturas publicas, como uma forma de homenagem a todos os cearenses. /n/n Enquanto você escuta a historia você mal sente o tempo passando e logo chega a sua vez de subir no teleférico. ","Enquanto em silencio você observa a estrutura a seu redor, e uns quadros na parede lhe chamam atenção, são fotografias em preto e branco de pessoas comuns, no primeiro momento você não entende o porque daquelas fotos, mas então você lhe algumas descrições e descobre que são imagens de cearenses comuns e que aquelas imagens são uma homenagem do estado a seus cidadões. /n/n Logo você percebe que estão lhe chamando, e chegou a sua vez de subir no teleférico. ","Você fica impressionado durante a vigem de pouco mais de 5 minutos, durante quase toda a viagem você esta sobre uma floresta densa, e na subida do morro você esta ainda mais próximo do topo das arvoes, sem contar que quanto mais próximo do final melhor você consegue ver a grande estatua branca de padre Cícero se erguendo do horizonte ao fundo. Ate você finalmente chegar ao alto do horto, ","Você pega seu celular da bolsa e faz uma pesquisa rápida de locai de passar o tempo e de lá você recebe dois locais mais populares para isso , mas qual dele ir ?","O shopping do cariri fica do outro lado da cidade de acordo com o mapa demoraria muito chegar lá  a pé além de estar muito quente hoje e não trouxe muita água , dá para pegar um ônibus ou um uber , agora  qual séria o mais preferível?","Esperar no ponto foi um pouco entediante além de abafado , está um pouco quente mas sobreviverei , enquanto espero vejo que já se formou uma pequena multidão no ponto todos também esperando.
Meia hora se passa e finalmente se vê o ônibus que que para minha sorte vai direto para o shopping, depois da retirada do mar de gente encontro um lugar próximo a janela e coloco meus fones para aproveitar a viagem enquanto ouço musica. /n /n Entretanto isso dura pouco mesmo já que sinto alguém cutucando minhas costas me virando-me vejo um senhor de idade sorrindo pra mim quase se desculpando por me incomodar /n /n""Desculpe por te atrapalhar mas poderia me dizer que horas são ? ""","O uber chegou bem rápido na verdade nem demorou tanto embora falei brevemente com ele trocando gentilezas e dizendo o meu destino, na verdade não houve muita conversa entre nós dois mas apreciei a vista que tinha enquanto passávamos pela cidade , o que mais chamou minha atenção durante a ida foram algumas igrejas e um estádio aberto , talvez eu possar passar por lá depois. /n /n Mais a frente passamos pelo colégio militar era uma coisa relativamente nova acontecendo mas parecia estar se desenvolvendo bem. /n /n Depois disso finalmente chego ao shooping ao menos foi rápido.    ","""Não seja espertinho comigo garoto eu sei que você está me escutando""","""Sabia que eu posso fazer isso o dia todo ?"" /n /n""Meu passa tempo favorito é incomodar meus netos rapaz , eu os alimento com histórias bestas a anos e sei como destruir o juízo de um ""","""8:35 senhor são 8:35 , agora pode por favor me deixar ouvir minha música ?"" /n /n""Claro , Claro, só deixe-me dizer que se você continuar sendo mal educado assim não se surpreenda em ser tratado da mesma forma depois"" /n /n O velho reclama meio irritado e faz questão de sair de seu assento para outro lugar, você não pensa muito nisso e espera chegar até sua parada","""Faz mais de um mês que eu encontrei aquele velho conheci-"" /n /n Sua resistência lentamente racha com quanto mais ele fala, enquanto tenta ignorá-lo dá pra sentir a alegria do velho atrás de você.","Você continua a escutar o velho . /n /n Você realmente não o ouvia mas sabia que ele ainda se dirigia a você . /n /n Sua mente começa a doer com a voz dele , e você sabe que se gritar com ele não vai acabar bem para você","""São 8:30 senhor "" /n /n""Viu não foi tão difícil garoto , olha eu só quero puxar assunto com você que tal? Não é melhor puxar conversa e passar o tempo ?  Conhecer as pessoas ao invez de só ficar ai no canto de cara fechada ?""",Você mais uma vez ignorá-lo e sente a desaprovação evidente do velho mas não faz questão de consertar isso e nem ele pressiona mais para conversar então você espera até sua parada chegar.,""" Oh , não não é problema posso sim , são 8:30 senhor "" /n /n""Obrigado Jovem. "" /n /n O senhor até parece bem legal , talvez possa conversar um pouco mais com ele ?",""" Com licença senhor mas a quanto tempo mora em Juazeiro ? Queria conhecer um pouco mais sobre a cidade "" /n /n""Desculpe dizer rapaz mas só vivo aqui a três anos e não saiu muito , eu era do Barro ,  mas como pode ver estou velho e me mudei para Juazeiro por que meus filhos queriam que eu cuidasse da minha saúde, eles compraram uma casa pra mim e me obrigaram a me mudar , deixei minha fazenda com meu filho mais velho , ele cuida de tudo por lá agora""
  ","""Então para onde o senhor vai ?"" /n /n"" Pro Crato visitar meus filhos, já faz tempo que não os vejo sabe . Eu tive dez filhos sabe , eu e minha mulher amávamos muito todos eles , mas não era fácil cuidar de todos "" /n /n Isso é uma surpresa , criar mais de duas crianças parece impossível hoje em dias.",""" E como são eles ? Seus filhos ?"" /n /n""Diabos com certeza , posso provar isso com quantas vezes eles me incomodavam ! "" /n /n Mesmo parecendo irritado dava para sentir o amor enquanto falava., /n /n""Mas ainda sinto falta de todos eles , não os vejo tanto quanto deveria , mas cada um deles tem sua própria vida para cuidar,
hoje só tenho 6 filhos vivos hoje em dia  e normalmente não reclamo de Deus sobre isso mas as vezes desejo que isso só fosse minha imaginação e eles ainda estivessem ao meu lado "" /n /n O senhor não chora sobre isso parecendo ter superado mas ainda ficou melancólico


  ",""" Se não for muito incomodo pode me dizer como você perdeu eles? Não parece que você deixaria eles partirem assim"" /n /n""Não meu filho , não é questão de deixar é questão de deixar é o que deus quer , não posso controlar sua vontade sabe "" /n /n Acenando para ele me deixo a pensar se é  isso mesmo. /n /n"" Tinha 4 homens e 6 mulheres , todos nasceram saudáveis mas nem todos cresceram perdi meus dois filhos mais velhos para doença , foi principalmente meu erro , fui descuidado e até hoje me arrependo"" /n /n Ele para por um momento parecendo segurar o choro enquanto tenta puxar outro assunto.","""Não precisa falar nada se não quiser "" /n /n Eu coloco minha mão sobre seu ombro /n /n"" Perdi uma das minhas filhas num acidente de carro e meus outros dois , não foi nada mais que Deus os chamando , nossa vida foi dificil passamos por muitas dificuldades  mas gosto de pensar que isso nos tornou melhor""
Ele parece suspirar fundo e pensar em outro assunto.","""Bem rapaz e o que você faz por aqui ? Tenho certeza que nunca te vi nesse ônibus antes e saiba que eu pego ele muito para ir ao hospital"" /n /n /n O senhor parece curioso principalmente olhando para a mochila em seu colo , como se deve responder a isso.","''A estou só de visita, vou passar a semana aqui no ceara então pensei que deveria visitar o shopping hoje "" /n /n"" Nha , vocês jovens sempre pensando em ir em qualquer lugar mais movimentado sem nenhuma história , mas cade vocês irem para uma igreja ou para o horto ?"" /n /n O tom era claramente zombeteiro , então não pude deixar de ri disso. /n Conversamos mais um pouco depois disso , era um senhor até que simpático , mas minha parada chegou e tinha que sair me despedindo do homem.",""" Sim estou meio que num ano sabático e decidir viajar por aqui no ceara vou passar a semana em Juazeiro e estou pensando em passar no mínimo no horto ... "" /n /n""Ótimo ao menos você tem um bom senso, juro que alguns não planejam nem metade da vigem só pensando em festas e praia "" /n /n"" ... E ai eu passo o resto do meu tempo no shopping"" /n /n Ele não escondeu muito bem o olhar azedo de minha resposta e me  deixei rir disso , conversamos mais um pouco depois disso , era um senhor até que simpatico , mas minha parada chegou e tinha que sair me despedindo dele.","Eu entro no shopping e tenho que suspirar de alivio com o ar condicionado o ar fresco que me toca realmente é revigorante bem tem muitos lugares. /n O lugar é bem decorado e cheio de vida , bem na frente já vejo uma pracinha junto a uma confeitaria com doces de aparência bem apetitosa. /n Já fazem 26 anos que ele está aberto desde que Juazeiro mostrou ser melhor economicamente que seu vizinho o Crato, a diferença é bem perceptível em seus centros comerciais. /n Graças a toda renda que recebe anualmente. essa cidade só tem o que melhorar no futuro; /n Bem acho que vou aproveitar meu tempo aqui dentro","Parabéns você terminaste uma das rotas ! /n /n Espero que tenha gostado dessa rota , você pode tentar outras escolhas somente apertando o botão voltar ao início e aproveite o restante do jogo e espere novas atualizações , ou não quem sabe.","Você pega o rosário que estava em sua bolsa e se lembra dos dois lugares que sua vó vivia falando , qual seria melhor começar ?","Você decidi ir ao Santuário hoje mesmo, sempre é dito muitas coisas boas sobre o local além disso uma reza por sua vó não faria mau /n /n Sendo uma viagem longa como é você decide pegar  ","Você chama o Uber para lá a espera não é longa e já é recebido pela motorista do aplicativo /n /n""Bom dia !"" /n Ela parece bem animada , você sorri normalmente a cumprimentando e informa seu destino a deixando um pouco confusa . /n /n""Que ?""","Você decide pegar o ônibus até lá e esperam o ônibus chegar , passando um ônibus  pedindo a informação ao motorista se ele passava pela igreja ele parecia confuso com o nome e disse que nunca ouviu falar dessa igreja durante todos esses anos trabalhando e me aconselhou a procurar o próximo, agradecendo e esperando o segundo que veio deu o mesmo resultado , no terceiro que minha esperança caiu quando pedi a informação a todo o ônibus se já ouviram falar de lá e foi unanime um grande não. /n /n Sentado no banco do ponto tenta pensar em como chegar lá , mas realmente não tem muitas opções.","""Desculpe senhor mas você deve estar se confundindo com outro lugar nunca ouvi falar desse lugar "" /n /n Você fica confuso com isso você tem certeza que existe esse lugar sua vó nem era caduca na epoca que te contou sobre a igreja talvez entrar em mais detalhes ajude","Com suas habilidades escassas de detalhes por nunca ter realmente entrado lá e só pegado por fotos e informações de sua vó. /n /n""Não , tenho certeza que essa igreja não existe , você deve estar se confundindo, moro aqui desde que nasci aqui senhor""","Antes  que você possa mais uma vez se humilhar diante da mulher com mais uma explicação sem sentido e pouco detalhada ela arranca o celular de suas mão , não se passando um segundo ela começa a rir e te entrega sem muito cuidado seu celular . /n"" Cara você nunca teria encontrado a igreja falando desse jeito , todo mundo conhece o lugar como Franciscanos "" /n Ela ri mais um pouco de você e segue caminho ao seu destino.","Você entrega o celular não querendo tentar explicar um lugar onde você nunca chegou perto antes. /n /n Ela em menos de um segundo observando a foto ela começa a rir . /n /n"" A sim entendi agora , desculpe a confusão amigo mas por aqui ninguém chama essa igreja desse jeito , nós chamamos de franciscanos mesmo"" /n /n Ela te entrega o celular e pega o volante para seguir caminho.","""Bem acho que ao menos para um novato como você na cidade posso te oferecer uma oferta especial sabe , mina vó mora lá perto vive aqui desde que nasceu , ela meio que oferece visitas aos que querem visitar a igreja lá perto , que tal ? R$15,00 e ela te conta muito sobre o lugar ? "" /n /n Ela parece sincera e sorrindo um pouco alegre demais , mas a oferta é verdadeira, talvez não seja uma má ideia ?","""Antes de aceitar pode me contar sobre sua mãe antes ? Seria bom saber sobre ela antes "" /n /n""Claro ! Para dizer sem muitos rodeios ela é uma mulher bem religiosa sabe, nasceu e cresceu aqui, ela diz que viu o Padre Cicero quando criança"" /n /n Ela acena a cabeça com essa frase. /n /n"" A verdade é que a mãe dela o viu , mainha era não tinha nem dois anos direito quando o conheceu, ela só meio que gosta de dizer isso mesmo ""  ","""Eu gostaria de conhecê-la , você conseguiu me convencer talvez seja bom ter uma visão de alguém que sabe melhor sobre o ""Franciscano"" como você chama"" /n /n"" Bem então pode passar os 15 que eu te levo a ela agora mesmo !"" /n /n Entregando o dinheiro ela muda um pouco o curso do trajeto , em pouco tempo chegamos a uma casa com os portões abertos e produtos a mostra para vender. /n /n""Mãe ! Venha cá !"" /n /n A sua motorista grita no seu ouvido mas deixa por isso , no outro minuto uma senhora de idade chega vestida com uma roupa mais adequada para sair, ela parecia um pouco acima do peso, mas no final parecia bem. /n /n"" Ótimo você está arrumada!"" /n""Que foi ? Estou indo ´para missa agora ! "" /n /n"" Ele é um romeiro , queria conhecer o Franciscanos , quem melhor para mostrar o lugar que a senhora ?"" /n /n A senhora parecia irritada como se não fosse a primeira vez que isso acontecia. /n/n""Você cobrou dele não foi ? Eu já disse para você não fazer isso eu posso fazer isso sem ninguém pagando !"" /n /n Você olha para ela quase e a única coisa que recebe é um olhar malando"" /n /n""Eu disse que ela se oferecia , não que cobrava "" /n /n Bem você foi engando trocando gentilezas e foram em direção da igreja /n /n""Bem meu querido pode me chamar de Nene , nessas horas a missa já deve ter começado, então quer assisti-la antes ou deseja ir direto para a exploração ?E não precisa se preocupar com eu perdendo a minha missa tem outra perto do meio dia e a noite , além disso prefiro ajudar os recém chegados a cidade""","Decidido a escutar a missa você decide ir para a igreja e arrumar um lugar  ,
Dona Nene agradeceu por isso e fomos em frente. /n /n Não parecia tão lotado no momento mas é de conhecimento comum que a maioria das pessoas se reunir a noite. /n /n""É melhor nos apressarmos as pessoas começaram a vir em breve e pode os ficar sem lugar "" /n /n Como um passe de magica começou a vir mais gente e na verdade você teve sorte de arrumar o lugar  para você e sua guia , o espaço é bem ventilado com diversos , o interior mantêm a estrutura original e só foi adaptado para acomodar poucos equipamentos elétricos como as luzes e ventiladores , entretanto dá para ver que alguns lugares mostram idade mesmo com a camada de tinta. /n /n""O padre tenta evitar reformas internas as vezes por conta das missas, então não ligue por algumas camas de tinta desbotadas , pelo que me lembro foi dito que iriam reformar o interior em  no próximo mês para as festividades que estão vindo ""
/n /n lugar parecia incrível ao menos,
Assim que o padre chega se da para ver que todo o lugar estava lotado . /n /n Com o virar do rosto você percebe uma senhora ao seu lado , ela era de idade mas se mantia firme de pé  enquanto assistia de pé , mas ela parecia um pouco franzina .
Na verdade você poderia ajudá-la ?","Você sai de sua cadeira e chama atenção da senhora ,
você aponta a cadeira e a oferece , ela quase parece recusar mas você só faltou jogar a cadeira nela de tão insistente que estava . /n /n Nene quase oferece a sua própria cadeira mas você não deixaria duas mulheres de idade ficarem de pé. /n /n Ficando de pé enquanto ouvia o sermão do padre, você sorri ao menos um pouco enquanto a senhora ao menos tenta te incluir na própria oração dela junto de sua guia e isso aquece seu coração a senhora parece fazer questão de te incluir ao lado dela. /n /n Além de Nene ter um olhar aprovação em seu rosto. /n E ela poderia ser descrita como modela da figura crente se você visse de longe. /n /nE até o final dessa missa você não se arrepende de ter suas pernas doloridas no final disso tudo.","Você decide não se mover. /n /n Você só chegou antes e não tem culpa disso. /n /n Se mantendo com a cadeira você continua a ouvir a cerimônia , mas por alguma razão seus olhos anda continuam voltando para aquela senhora.
Talvez culpa ? /n /n Não importa muito pois cinco minutos depois Nene talvez tenha percebido seu olhar oferece sua própria cadeira a ela. /n /n Talvez por pena ou bondade ? /n Não parece ser do tipo , bondade do coração provavelmente /n /n Durante o resto da missa a senhora sentada tentou muito incluir a sua ajuda incluindo-a em suas orações /n /n Esse é um tipo de agradecimento muito sentimental para o que parece e. /n /n Nene te olha e não há nenhum julgamento neles só um pedido de ajuda=la quando precisasse. /n /n Mas por que não ne ? Ao menos ele pode dizer que tem muito o que pensar.","Você decide pular a missa e Dona Nene concorda sem nenhum protesto quando chegaram a igreja já começaram a exploração do local com ela explicando pequenos detalhes . /n /n"" Normalmente esse lugar é chamado de Santuário de São francisco de Asiss ou das Chagas para quem você perguntar "" /n /n Explorando o pátio muito espaçoso cabendo facilmente vários ônibus vocês se dirigem para o centro do local onde está uma estatua do próprio São Francisco. /n /n"" Foi inaugurada em 1950 mas só foi benzida mesmo 6 anos depois "" /n Andando pelo local se encontram principalmente salgadinhos de pacote e pipoqueiros. /n /n""Anualmente o local sofre reformas para preservar o lugar tanto da parte do padre quanto do povo mais devoto, sabe para cortar custos "" /n /n Ela anda com você lhe mostrando as pinturas nas paredes e os espaços para falecidos. /n /n Eles colocam lá todo ano velas por lá na frente do santo para celebrar os falecidos /n /n Depois de mais um pouco de caminhada ela diz que temos mais dois locais para ir e me pergunta para onde quero ir primeiro. /n /n Para o lado superior do muro ou os fundos da Igreja ?","Você decide pelo lado superior dos muros que cercam todo ""Franciscanos"" , a passagem não é escondida mas facilmente perdida se não prestar atenção, /n /n Subindo vocês dois , observam como a pedra é polida quase rusticamente dando uma sensação de antigo. /n""Aqui onde muitas pessoas gostam de propor casamentos as vezes sabia ? Ou pelo menos era na minha epoca "" /n /n No topo do lugar você tem a paisagem belíssima te cumprimentando. /n /n Dá para se vê quase toda a extensão da praça ao lado. /n /n""Dizem que aqui é o ponto seguro para achar os perdidos , que desde que fique aqui em cima nunca os perdera ' /n /n Respirando fundo o ar fresco e sentindo o sol em sua pele , você inicia a caminhada pelo local. /n /n Curiosamente você percebe uma grande quantidade de gatos pelos muros talvez eles também gostem da vista. /n /n"" E tem esses bichinhos também  , eles só vem aqui por que os cães ocuparam a parte de trás , além de raramente alguém vir aqui no inicio e no final do dia "" /n /n Circular todo o local poderia ser feito em meros muros mas é melhor aproveitar , andando lentamente pelo local você é recebido pela vista bem no meio da muralha ,algo belíssimo /n /n"" E aqui é onde o onde a vista alcança seu ponto alto, , é maravilhoso não é ? Eu fico feliz em compartilhar com isso com as pessoas"" /n /n Enquanto você admirava a paisagem junto a todos os gatos , você não pode deixar de se agradecer por ter escolhido esse ponto , pensando se varios outros locais teriam vistas belíssimas.","Você decide optar pelos fundos da  igreja , além do mais você pode ir para as muralhas o tempo que quiser também , entrando na Igreja ao lado de Nene , vendo a missa ainda está sendo realizado decidimos ignorar e seguir em frente sem fazer maiores barulhos  , ao lado do altar tem uma porta no qual sua guia entra sem muitos problemas você a segue  . /n /n Lá você é recebido a  aberto com muitas arvores e alguns bancos e salas , explorando o lugar você encontra um cachorro ou outro por aqui . /n /n""Muitos anos atrás essa igreja tinha uma escola católica e era por aqui que eles lecionavam , eu fui uma das alunas , claro com o tempo o local foi convertido para salas de catequese já que as pessoas preferiram matricular seus filhos em escolas melhores"" . /n /n Olhando em volta você também percebe algumas algumas flores pelo local , talvez também fosse um jardim. /n /n""já faz tempo que não vejo esses canteiros de flores , eu costumava cuidar deles quando tinha chance mas hoje em dia só o pessoal da igreja faz isso por aqui"" /n /n A frente em um dos bancos você vê uma cadela com seus filhotes os amamentando por lá e você não pode deixar de aproveitar a vista com algo tão fofo, dona Nene também vê isso e começa a dá elogios a cadela, a distancia claro. /n /n Sentando em um dos bancos você aprecia o vento e as flores do local enquanto  observa a senhora que te acompanhava tentando chegar perto dos filhotes toda maternal no final foi um ótimo dia ..",Bem você terminou um dos caminhos da rota dos Franciscanos parabéns mas sugiro que tente outras escolhas talvez você goste do que aconteça ou que tal outro caminho. /n/n  Então que tal voltarmos agora ? ,"""Você trabalha muito de Uber por aqui ?"" /n A mulher ri um pouco da pergunta meio sem jeito mas ainda decide responder. /n"" Na verdade não , não trabalho muito de Uber , isso é mais um trabalho paralelo para renda extra meio que meu marido cobre tudo mesmo "" /n /n Ela ri muito mais como se tivesse uma piada a ser entendida, você deixa quieto isso.","""Acho melhor não, gostaria conhecer tudo por mim mesmo além disso não quero ofendê-la sem querer"" /n /n A motorista da de ombros dizendo que era justo , conversamos pelo o resto da viagem deixando seu humor muito melhor que antes, chegando na Igreja você pensa no que fazer agora","""Por acaso você não teria uma história interessante ? Acho que seria bom ter algo para conversar durante isso "" /n /n Ela acena e olha por um momento para você alegre /n /n"" Já faz um tempo que queria admitir isso com alguém mas nunca pude "" /n /n Ela vibra no banco muito animada e talvez essa mulher funcione a base de açucar. /n /n"" Mas você tem que prometer nunca contar""","""E prometo não contar a ninguém "" /n ""Ótimo"" /n /n ""Bem foi mais ou menos assim , eu estava fazendo meu  serviço como uma boa trabalhadora e veio um serviço para mim , meio que parecia mais um serviço normal , o homem parece me manda o local e acho engraçado , era lá onde a casa do meu ficava "" /n /n Você já pode imaginar onde isso vai acabar. /n /n""Então no caminho eu digo a conhecidencia e ele e eu conversamos e até que nos demos bem e ele meio me contou por que estava fazendo indo para lá"" /n /n"" O idiota está indo ver meu irmão"" /nOi ?! /n /n"" Meu irmão estava traíndo a mulher dele com aquele cara acredita ! Então continuando , vou até lá normal ainda me segurando para simplesmente não mandá-lo embora do carro porque Debora é minha amiga não poderia deixar isso assim faço um plano maligno !"" /n /n Ela ri perversamente e você realmente acha se deveria está ouvindo isso.","""Eu não prometo nada"" /n /n"" Há , a piada é você , você não mora aqui mesmo"" /nEla ri disso. /n /nem foi mais ou menos assim , eu estava fazendo meu  serviço como uma boa trabalhadora e veio um serviço para mim , meio que parecia mais um serviço normal , o homem parece me manda o local e acho engraçado , era lá onde a casa do meu ficava "" /n /nVocê já pode imaginar onde isso vai acabar /n""Então no caminho eu digo a conhecidencia e ele e eu conversamos e até que nos demos bem e ele meio me contou por que estava fazendo indo para lá"" /n"" O idiota estava indo vê meu irmão"" /nOi ?! /n"" Meu irmão estava traíndo a mulher dele com aquele cara acredita ! Então continuando , vou até lá normal ainda me segurando para simplesmente não mandá-lo embora do carro porque Debora é minha amiga não poderia deixar isso assim faço um plano maligno !"" /n Ela ri perversamente e você realmente acha se deveria está ouvindo isso.","""Assim que deixei o canalha na casa do meu irmão peguei meu celular de trabalho quer deixo lá no carro
e eu liguei para polícia , me passei pela velhinha vizinha do meu irmão dizendo que achava que a casa ao lado estava sendo assaltada e que o vizinho estava sendo agredido pelos gritos que eu ouvia e disse que estava preocupada com ele"" /n /nEla me mostra o telefone que estava no porta copos e mostra o que estava no seu bolso mostrando a diferença do de trabalho e o de lazer.. /n"" Depois liguei para Debora ainda pelo telefone de trabalho me passando por um tal amigo do amante do meu irmão contando de todo meu coração como não gostava o que meu amigo estava fazendo e depois disso desliguei e esperei o caos "" /n /nEla parecia uma vilã de desenho animado. /n /n"" No final foi uma confusão , a policia chegou , Debora chegou , os vizinhos chegaram , só faltava o padre mesmo , a policia arrombou a porta depois que meu irmão não atendeu a porta , pelo queparece só ouviam ele gritando , quando Debora chegou ela só via o marido e o amante tentadno se explicar a policia enquanto uma velhinha era interogada dizneo0d que não ligou para ninguem. /n /nVocê não sabe se realmente é uma história real ou não mas escuta calado outras historias dela até chegar ao seru destino agradecendo que aquilo acabou.","""""Eu acho -"" /n /n"" Shiuu , estou chegando na melhor parte"" /n /nEla te cala e issom ficou um pouco desconfortavel /n /n""Assim que deixei o canalha na casa do meu irmão peguei meu celular de trabalho quer deixo lá no carro /ne eu liguei para polícia , me passei pela velhinha vizinha do meu irmão dizendo que achava que a casa ao lado estava sendo assaltada e que o vizinho estava semdo agredido pelos gritos que eu ouvia e disse que estva procupada com ele"" /n /nEla me mostra o telefone que estava no porta copos e mostra o que estava no seu bolso mostrando a diferença do de trabalho e o de lazer. /n /n"" Depois liguei para Debora ainda pelo telefone de trabalho me passando por um tal amigo do amante do meu irmão contando de todo meu coração como não gostava o que meu amigo estava fazendo e depois disso desliguei e esperei o caos"" /nEla parecia uma vilã de desenho animado. /n /n"" No final foi uma confusão , a policia chegou , Debora chegou , os vizinhos chegaram , só faltava o padre mesmo , a policia arrombou a porta depois que meu irmão não atendeu a porta , pelo que parece só ouviam ele gritando , quando Debora chegou ela só via o marido e o amante tentadno se explicar a policia enquanto uma velhinha era interogada dizendo que não ligou para ninguem."" /n /nVocê não sabe se realmente é uma história real ou não mas escuta calado outras historias dela até chegar ao seru destino agradecendo que aquilo acabou.","Você decide pular a missa e começa a explorar , o pátio é muito espaçoso , cabendo facilmente varios onibus , no centro está uma estatua do proprio franciscanos, mesmo daqui você percebe que o local foi bem cuidado , a tintura parece quase nova, andando mais pelo local se encontram pricipalmente salgadinhos de pacote e pipoqueiros.

Durante sua exploração você percebe que há um pequeno mapa de toda estrutura do lugar no qual você poderia ir .

Parece que tem uma entrada para andar no topo dos muros que cercam a igreja e a trás do pilar do padre tem um espaço maior talvez seja bom visitar um desses dois ?","Você decide subir os muros que cercam todo ""Franciscanos"" , a passagem não é escondida mas facilmente perdida se não prestar atenção, /n /n Subindo você , observa como a pedra é polida quase rusticamente dando uma sensação de antigo. /n /n No topo do lugar você tem a paisagem belíssima te cumprimentando. /n /n Dá para se vê quase toda a extensão da praça ao lado. /n /n As lanchonetes lá perto além da padaria , sua vijam se estende a alguns grafites bem humorados nás paredes do ponto de trem. /n /n Respirando fundo o ar fresco e sentindo o sol em sua pele , você inicia a caminhada pelo local. /n /n Curiosamente você percebe uma grande quantidade de gatos pelos muros talvez eles também gostem da vista ou só do calor fornecido do local. /n /n Circular todo o local poderia ser feito em meros muros mas é melhor aproveitar , andando lentamente pelo local você é recebido pela vista bem no meio da muralha , algo que valeu muito a pena observar e você tira a foto do lugar acompanhado pelos gatos com você , você tem certeza que valeu a pena","Você decide optar pelo lugar misterioso , além do mais você pode ir para as muralhas o tempo que quiser também , entrando na Igreja a missa ainda está sendo realizado vê decide ignorar e seguir em frente , ao lado do altar tem uma porta nada misteriosa ou escondida lá no qual você adentra . /n /n O local era aberto com muitas arvores e alguns bancos e salas , explorando o lugar você encontra um cachorro ou outro por aqui . /n /n Explorando melhor você percebe que há algumas salas por aqui talvez onde eles catequizam as crianças durante os domingos . /n /n Olhando em volta você também percebe algumas algumas flores pelo local , talvez também fosse um jardim. /n /na frente em um dos bancos você vê uma cadela com seus filhotes os amamentando por lá e você não pode deixar de aproveitar a vista. /n /n Sentando em um dos bancos você aprecia o vento e as flores do local enquanto pensar onde ir em seguida.","Decidido a escutar a missa você entra na igreja e arruma um lugar , não parece lotado no momento mas é de conhecimento comum que a maioria das pessoas se reunir a noite, arrumando uma cadeira vazia você fica confortável até , esperando o a missa começar você percebe que agora sim começou a vir mais gente e na verdade você teve sorte de arrumar o lugar , o espaço é bem ventilado com diversos , o interior mantêm a estrutura original e só foi adaptado para acomodar poucos equipamentos elétricos como as luzes e ventiladores , entretanto dá para ver que alguns lugares mostram idade mesmo com a camada de tinta. /n /n Ao menos isso mostra a história do lugar. /n /n Assim que o padre chega se da para ver que todo o lugar estava lotado . /n /n Com o virar do rosto você percebe uma senhora ao seu lado , ela era de idade mas se mantinha firme de pé  enquanto assistia de pé , mas ela parecia um pouco franzina .
Na verdade você poderia ajudá-la ?","Você sai de sua cadeira e chama atenção da senhora ,
você aponta a cadeira e a oferece , ela quase parece recusar mas você só faltou jogar a cadeira nela de tão insistente que estava . /n /n Ficando de pé enquanto ouvia o sermão do padre, você sorri ao menos um pouco enquanto a senhora ao menos tenta te incluir na própria oração dela. e isso aquece seu coração a senhora parece fazer questão de te incluir ao lado dela. /n /n E até o final dessa missa você não se arrepende de ter suas pernas doloridas no final disso tudo.","Você decide não se mover. /n /n Você só chegou antes e não tem culpa disso. /n /n Se mantendo com a cadeira você continua a ouvir a cerimônia , mas por alguma razão seus olhos anda continuam voltando para aquela senhora. /n Talvez culpa ? /n Não importa muito pois cinco minutos depois outro oferece sua própria cadeira a ela. /n Talvez por pena ou bondade ? /n Quem sabe , mas essa pequena ação fica na sua cabeça pelo resto das orações. /n Por que será que tal bondade se tornou tão rara de ver?Talvez seja mais comum por aqui ? Pelo nome do Padre ? /n Talvez durante esse passeio ele descubra mais.","Você pega seu livro de ciências da bolsa e da algumas folheadas nas paginas marcadas , eram locais bons para ir , mas qual deles ?","Você puxa um folheto do Geopark Araripe, que mostra um geossítio no crato, chamado de batateiras. A animação toma conta de seu corpo e você começa seu caminho, entrando em um ônibus em direção ao Crato. /n /nAo chegar na entrada do parque ecológico, você se depara com uma sobrado branco, feito de taipa, você nota algumas pessoas circulando pelos cômodos","Continuando na trilha você vê um grupo de pessoas no caminho à direita para a bifurcação, que se juntam ao redor do que parece ser um guia do local.","O guia nota você se juntando e olha ao redor enquanto bate as mãos, falando: /n /n""Todo mundo pronto? Vamos lá então..."" /n Ele começa a andar em direção ao caminho à esquerda, e você tenta se manter bem próximo dele para escutar o que ele tem a dizer com atenção. /n /n Vocês continuam caminhando até chegar no que parecem ser uma construção e plantação demolidas. ""O que vocês estão vendo, são ruínas de um engenho de rapadura, que foi construído por volta de 1880, baseado principalmente no que era esta plantação, que era de cana de açúcar, e na refinaria dessas canas em açúcar e rapadura por meio de tração animal.","Ao se aproximar das ruínas, você enxerga uma parte que parece ter sobrevivido melhor ao tempo, que parece ser uma sala grande, onde provavelmente alguma parte do processo da rapadura ou do açúcar era feito, vendo pela única engrenagem enferrujada no meio da sala, e alguns moldes onde provavelmente eram feitas as rapaduras.","Ao se aproximar da plantação, você enxerga uma terra que provavelmente não é mexida a pelo menos 50 anos, com vários resquícios de canas de açúcar espalhadas, e algumas raízes mortas.","Ao se aproximar das ruínas, você enxerga uma parte que parece ter sobrevivido melhor ao tempo, que parece ser uma sala grande, onde provavelmente alguma parte do processo da rapadura ou do açúcar era feito, vendo pela única engrenagem enferrujada no meio da sala, e alguns moldes onde provavelmente eram feitas as rapaduras.","Ao se aproximar da plantação, você enxerga uma terra que provavelmente não é mexida a pelo menos 50 anos, com vários resquícios de canas de açúcar espalhadas, e algumas raízes mortas.","Ao momento em que todos parecem satisfeitos com o tempo que permaneceram no local,  o guia faz um sinal e chama todos para continuarem a trilha. /n Após um tempo caminhando, passando por vários exemplos da fauna e flora da região da chapada do Araripe, Até chegar em uma barragem de pedras. /n ""Bem, chegamos ao fim da nossa trilha, essa barragem tem mais de 100 anos de existência, construída ao lado do rio batateira, que é usado desde o período em que a tribo indígena dos Kariris habitava o local, eles deixaram um belo legado por essas terras, porém o mais famoso seria aquela pedra..."" /n O guia aponta para uma grande pedra em cima do que parece ser uma elevação de pedra próximo ao rio. /n ""Se quiserem saber mais, apenas se aproximem!""","Ao se aproximar da pedra, você nota a escritura em uma plaquinha ao lado: /n ""
""O Batateira no Crato""
Tem cascata no lameiro
É lenda dos Kariris
Povo que chegou primeiro
Se for retirada a pedra
Água cobre o vale inteiro ""","Você separa suas coisas importantes e as deixa em um canto, se preparando para entrar na água. /n Você entra na água, em um primeiro momento, a ideia parece ruim por quão frio a água está, porém com o tempo, seu corpo se acostuma à temperatura, e o momento se torna bem agradável.","Você se sente realizado após absorver todo o conhecimento que você teve acesso, e aproveita o momento de calmaria.","Ao tentar mover a pedra, você percebe que o seu peso se traduz bem ao seu tamanho, e quando você acha que está prestes a mover ela... /n É espirrada em seu rosto uma rajada de água, te fazendo perder o equilíbrio e cair no rio. /n Ao se levantar, você nota que o espirro veio de um mergulho de um menino ao seu lado... você decide não mexer na pedra novamente.",Você terminou a rota do Geossítio! /n /n Tente alcançar outro final tomando outro caminho!,"Ao entrar no sobrado, você vê alguns cômodos diferentes, com placas indicando o que você pode esperar em cada um.","Ao entrar nesse cômodo, você vê exposto vários esquemas e réplicas de fósseis do que seriam a fauna e a flora da região à milhões de anos, e a atual, com algumas exposições de fósseis reais, com vários tipos de animais, como insetos, aves, e algumas plantas pré históricas e outras da flora atual da região. /n /n Você fica fascinado com as exposições e passa um tempo observando.","Ao entrar nesse cômodo, você vê a exposição de algumas maquetes e esquemas de mapas da região, mostrando a chapada do Araripe, e o sítio fundão, onde o geossítio batateiras está situado. Você nota um cartaz que parece mostrar a história do local. /n /n""O sítio fundão pertenceu ao Sr Jeferson da Franca Alencar, que manteve a ordem na área e seu florestamento até seu falecimento, em 1986, ele construiu esta casa de taipa em 1950, sendo a única casa brasileira a ser registrada no modelo de construção de barro batido e madeira."" /n /n Você fica fascinado com as exposições e passa um tempo observando.",,,
CONTEM_FOTO,false,false,false,false,false,false,false,false,false,false,false,false,false,false,false,false,false,false,false,false,false,false,false,false,false,false,false,false,false,false,false,false,false,false,false,false,false,false,false,false,false,false,false,false,false,false,false,false,false,false,false,false,false,false,false,false,false,false,false,false,false,false,false,false,false,false,false,false,false,false,false,false,false,false,false,false,false,false,false,false,false,false,false,false,false,false,false,false,false,false,false,false,false,false,false,false,false,false,false,false,false,false,false,false,false,false,false,,,
NOME_FOTO,null,null,null,null,null,null,null,null,null,null,null,null,null,null,null,null,null,null,null,null,null,null,null,null,null,null,null,null,null,null,null,null,null,null,null,null,null,null,null,null,null,null,null,null,null,null,null,null,null,null,null,null,null,null,null,null,null,null,null,null,null,null,null,null,null,null,null,null,null,null,null,null,null,null,null,null,null,null,null,null,null,null,null,null,null,null,null,null,null,null,null,null,null,null,null,null,null,null,null,null,null,null,null,null,null,null,null,,,
QUANT_ITENS,4,1,2,2,2,3,3,3,3,3,3,3,3,3,3,3,3,3,3,2,1,2,1,1,1,1,1,1,2,3,4,1,1,2,1,1,1,1,2,2,1,2,2,1,2,1,2,1,3,2,3,2,2,1,2,1,1,1,1,2,2,2,2,2,2,2,2,2,2,2,2,1,1,2,1,1,1,2,2,2,2,2,2,2,2,1,1,2,1,1,1,2,1,3,2,2,1,1,2,2,1,1,1,1,2,2,2,,,
ITEM_01,/1 - Estátua do Padre Cícero lá no horto praticamente o símbolo de Juazeiro,"/1 - A Estatua do Padre Cicero, uma estatua branca, enorme e  imponente do padroeiro da região",/1 - Vai falar com  os  romeiros vendo se eles  tem  a mesma animação que você para conhecera estátua do Pe. Cícero.,/1 Subir o morro junto aos romeiros,"/1 Você esta determinado a subir todas as 14 estações a pé, como sinal de respeito a Jesus.",/1 Gasta todo o tempo possível observando a pintura em estilo de Xilogravura,/1 Gasta todo o tempo possível observando a pintura em estilo de Xilogravura,/1 Gasta todo o tempo possível observando a pintura em estilo de Xilogravura,/1 Gasta todo o tempo possível observando a pintura em estilo de Xilogravura,/1 Gasta todo o tempo possível observando a pintura em estilo de Xilogravura,/1 Gasta todo o tempo possível observando a pintura em estilo de Xilogravura,/1 Gasta todo o tempo possível observando a pintura em estilo de Xilogravura,/1 Gasta todo o tempo possível observando a pintura em estilo de Xilogravura,/1 Gasta todo o tempo possível observando a pintura em estilo de Xilogravura,/1 Gasta todo o tempo possível observando a pintura em estilo de Xilogravura,/1 Gasta todo o tempo possível observando a pintura em estilo de Xilogravura,/1 Gasta todo o tempo possível observando a pintura em estilo de Xilogravura,/1 Gasta todo o tempo possível observando a pintura em estilo de Xilogravura,/1 Gasta todo o tempo possível observando a pintura em estilo de Xilogravura,/1 Ir ate a estatua,/1 Ir ate a estatua,/1 dar as 3 voltas,/1 Dar a primeira volta.,/1 dar a segunda volta,/1 dar a terceira volta,/1 Agradecimentos,/1 apreciar a vista,/1 Voltar ao começo.,"/1 Você reage de forma educada, mas não parece muito interessado no assunto.",/1 Você esta ainda mais maravilhado com Padre Cicero e sua luta pela liberdade religiosa apois ouvir esta historia.,"/1 Eu ja andei de teleférico, eu não gostaria de ir neste teleférico ate Padre Cicero nesse momento","/1Você agradece ao uber, e desce do carro.",/1 Se encaminhar ao final da fila,/1 Conversar um pouco com a pessoa na sua frente.,/1 Entrar no teleférico,/1 Entrar no teleférico,/1 Sair do Teleférico,/1 Já que é seu primeiro dia seria melhor passear por um lugar mais comum como o Shopping cariri,/1 Quero chegar logo lá então vou chamar um uber,/1 Responder ao senhor,/1 Pagar o motorista e entrar no shopping,/1 Responder sua pergunta,/1 Responder sua pergunta,/1 Sair do ônibus,/1 Só responder a pergunta,/1 Só responder de uma vez a pergunta,/1 Concordar e perguntar aonde o senhor vai,/1 Sair do ônibus,/1 Talvez perguntar a quanto tempo mora em juazeiro  ?,/1 Perguntar Mais nada,/1 Perguntar a quanto tempo vive em juazeiro,/1 Perguntar como ele perdeu os filhos(Com educação),/1 Confortá-lo,/1 Não perguntar mais nada,/1 Explicar que vai ao shopping,/1 Sair do ônibus,/1 Sair do ônibus,/1 Continuar,/1 Voltar ao inicio,/1 - Estatua do padre Cicero,/1 - Uber,/1 Dizer novamente que quer ir ao santuário de São,/1 Chamar um Uber então.,/1 Contar melhor o lugar,/1 Tentar explicar mais uma vez,/1 Engolir a vergonha e tentar puxar assunto sobre a igreja,"/1 Pedir ,mais informações sobre a igreja","/1 Não estou realmente interessado na oferta ,mas perguntar sobre a mãe dela",/1 Bem você me convenceu vou aceitar sua oferta,/1 Podemos assistir a missa,/1 Dá a sua cadeira a ela,/1 Final,/1 Final,/1 O lado superior do muro,/1 Final,/1 Final,/1 Inicio,/1 Perguntar se seus pais moram por aqui  ,"/1 Parece que está tendo uma missa agora , talvez seja bom va assisti-la",/1 Prometer não contar,/1 Continuar ouvindo,/1 Continuar ouvindo,"/1 Parece que está tendo uma missa agora , talvez seja bom assisti-la","/1 Parece que está tendo uma missa agora , talvez seja bom vassisti-la",/1 Subir para os muros da Igreja,/1 Final,/1 Final,/1 Dá a sua cadeira a ela,/1 Final,/1 Final,/1 - Geossítio Batateiras,/1 - Continuar andando,/1 - Se juntar ao guia.,/1 - Se aproximar das ruínas,/1 - Se aproximar da plantação,/1 - Continuar a Trilha,/1 Continuar a trilha ,/1 Continuar a trilha,/1 Se aproximar da pedra,/1 Tentar mover a pedra,/1 Aproveitar o local.,/1 Encerramento ,/1 Encerramento ,/1 Reiniciar,/1 -  Ver a seção de fósseis,/1 - Sair do sobrado e continuar a trilha,/1 - Sair do sobrado e continuar a trilha.,,,
ID_ITEM_01,AA0,AA0,AA1,AA2,AA3,AA4,AA5,AA6,AA7,AA8,AA9,AA10,AA11,AA12,AA13,AA14,AA15,AA16,AA17,AA18,AA18,AA19,AA20,AA21,AA22,AA24,AA23,0,AB1,AB1,AB2,AA17,AD1,AD2,AD4,AD4,AA17,DA1,DA2,DB2,DZ0,DB4,DC2,DZ0,DD1,DD1,,DZ0,DB5,DZ1,DB5,DB8,DB9,DZ1,DZ2,DZ0,DZ0,DZ5,0,AA0,CA2,CA3,CA2,CA4,CA5,CB2,CB2,CA7,CA8,CA9,CA10,CF,CF,CZ2,CF,CF,0,CB3,CC4,CC1,CC3,CC3,CB5,CB5,CB6,CF,CF,CC5,CF,CF,BA0,BA1,BA2,BA3,BC1,BA5,BA5,BA5,BA6,BA9,BA8,BA10,BA10,0,BB1,BA1,BA1,,,
ITEM_02,"/2 – Geossítio batateiras , um local que você acabou lendo em alguns livros de ciências  ",,/2 - Decide chamar um táxi para lhe levar direto ate a estatua de padre cicero.,/2 Continuar no Ônibus,"/2 Você considera um caminho muito longa e exaustivo, e desiste de subir a pé as 14 estações e volta para o ônibus antes que ele parta.",/2 Mesmo não sendo muito religioso você fica parado observando a fé das pessoas a sua volta,/2 Mesmo não sendo muito religioso você fica parado observando a fé das pessoas a sua volta,/2 Mesmo não sendo muito religioso você fica parado observando a fé das pessoas a sua volta,/2 Mesmo não sendo muito religioso você fica parado observando a fé das pessoas a sua volta,/2 Mesmo não sendo muito religioso você fica parado observando a fé das pessoas a sua volta,/2 Mesmo não sendo muito religioso você fica parado observando a fé das pessoas a sua volta,/2 Mesmo não sendo muito religioso você fica parado observando a fé das pessoas a sua volta,/2 Mesmo não sendo muito religioso você fica parado observando a fé das pessoas a sua volta,/2 Mesmo não sendo muito religioso você fica parado observando a fé das pessoas a sua volta,/2 Mesmo não sendo muito religioso você fica parado observando a fé das pessoas a sua volta,/2 Mesmo não sendo muito religioso você fica parado observando a fé das pessoas a sua volta,/2 Mesmo não sendo muito religioso você fica parado observando a fé das pessoas a sua volta,/2 Mesmo não sendo muito religioso você fica parado observando a fé das pessoas a sua volta,/2 Mesmo não sendo muito religioso você fica parado observando a fé das pessoas a sua volta,/2 Apreciar a vista,,"/2 estou satisfeito, quero observar a vista aos pés de padre cicero.",,,,,,,"/2 Você nunca tinha escutado essa historia antes, e impressionado, pede para o motorista falar mais sobre tal historia.","/2 Você não esperava que um líder religioso tão importante pudesse ter uma participação em uma guerra como essa, e nem sabe direito oque pensar sobre","/2 Eu nunca andei de teleférico,e gostaria de ir neste teleférico ate Padre Cicero",,,/2 Continuar em silêncio e esperar sua vez,,,,,"/2 Um ônibus é mais econômico , é melhor",/2 Ignorar o senhor,,/2 Continuar a ignorá-lo,/2 Continuar a ignorá-lo,,/2 Continuar a ignorá-lo,,/2 Voltar a ignorá-lo,,/2 Perguntar para onde o Senhor vai,/2 Perguntar sobre os filhos,/2 Perguntar sobre os filhos,/2 Não perguntar mais nada,/2 Não perguntar mais nada,,/2 Diz que vai passar a semana em Juazeiro e que já vai para primeira parada,,,,,/2 - Santuário São Francisco de Assis,/2 - ônibus,/2 Mostrar a localização do seu celular,/2 Onde tem outra opção ? Tenho que pegar um Uber,/2 Mostrar a localização do celular,/2 Desistir e mostrar de uma vez a porcaria da foto.,/2 Evitar se envergonhar mais e aproveitar a viagem.,/2 Ficar em silencio e aproveitar a viagem,"/2 Estou interessado na oferta ,mas perguntar sobre a mãe dela antes de aceitar qualquer oferta",/2 Prefiro não conhecê-la só ir para a igreja mesmo,/2 Prefiro explorar antes de tudo se não se importar,/2 Não fazer nada,,,/2 Ir para os fundos da igreja,,,,/2 Perguntar se teve uma história interessante durante esse trabalho.,/2 Vou explorar enquanto está vazio,/2 Eu não prometo nada,/2 Pedir para ela parar,/2 Pedir para ela parar,/2 Vou explorar enquanto está vazio,/2 Vou explorar enquanto está vazio,/2 Ir para o misterioso lugar maior,,,/2 Não fazer nada,,,,/2 -  Entrar no sobrado,,/2 - Se aproximar da plantação,/2 - Continuar a Trilha,/2 - Se aproximar das Ruínas,,,/2 Tomar um banho no rio,/2 Apenas aproveitar o local,,,,,/2 - Ver a seção de história da região.,/2 - Ver a seção de história da região.,/2 - Ver a seção de fósseis,,,
ID_ITEM_02,BA0,,AB0,AA17,AA17,AA4,AA5,AA6,AA7,AA8,AA9,AA10,AA11,AA12,AA13,AA14,AA15,AA16,AA17,RAA17,,AA23,,,,,,,AC1,AB1,AD0,,,AD3,,,,,DB1,DB3,,DC1,DD1,,DC3,,DB0,,DB6,DB7,DB7,DZ1,DZ1,,DZ3,,,,,CA1,CB0,CB1,CA2,CB1,CB1,CA6,CA6,CA7,CB4,CZ1,CA11,,,CZ3,,,,CC0,CB5,CC2,CD0,CD0,CC4,CC4,CB7,,,CD1,,,,BB0,,BA4,BA5,BC2,,,BA7,BA8,,,,,BB2,BB2,BB1,,,
ITEM_03,"/3 - Santuário de São Francisco de Assis, um local que sua vó vivia falando para você que ela dizia que visitava.",,,,,"/3 Sua fé lhe trouxe ate aqui, você se ajoelha juntamente com todos os outros fiéis e realiza sua oração","/3 Sua fé lhe trouxe ate aqui, você se ajoelha juntamente com todos os outros fiéis e realiza sua oração","/3 Sua fé lhe trouxe ate aqui, você se ajoelha juntamente com todos os outros fiéis e realiza sua oração","/3 Sua fé lhe trouxe ate aqui, você se ajoelha juntamente com todos os outros fiéis e realiza sua oração","/3 Sua fé lhe trouxe ate aqui, você se ajoelha juntamente com todos os outros fiéis e realiza sua oração","/3 Sua fé lhe trouxe ate aqui, você se ajoelha juntamente com todos os outros fiéis e realiza sua oração","/3 Sua fé lhe trouxe ate aqui, você se ajoelha juntamente com todos os outros fiéis e realiza sua oração","/3 Sua fé lhe trouxe ate aqui, você se ajoelha juntamente com todos os outros fiéis e realiza sua oração","/3 Sua fé lhe trouxe ate aqui, você se ajoelha juntamente com todos os outros fiéis e realiza sua oração","/3 Sua fé lhe trouxe ate aqui, você se ajoelha juntamente com todos os outros fiéis e realiza sua oração","/3 Sua fé lhe trouxe ate aqui, você se ajoelha juntamente com todos os outros fiéis e realiza sua oração","/3 Sua fé lhe trouxe ate aqui, você se ajoelha juntamente com todos os outros fiéis e realiza sua oração","/3 Sua fé lhe trouxe ate aqui, você se ajoelha juntamente com todos os outros fiéis e realiza sua oração","/3 Sua fé lhe trouxe ate aqui, você se ajoelha juntamente com todos os outros fiéis e realiza sua oração",,,,,,,,,,,"/3 Você fica em um misto de admiração e incredulidade, pelo visto todas as pessoas são realmente mais complexas que oque parecem ser.","/3 Embora já tenha andado de teleférico, eu gostaria de ir neste teleférico ate Padre Cicero",,,,,,,,,,,,,,,,,,/3 Ficar em silêncio você realmente não tem motivos de iniciar uma conversa,,/3 Não perguntar mais nada,,,,,,,,,,,,,,,,,,,,,,,,,,,,,,,,,,,,,,,,,,,/3 - Continuar a Trilha,,,,,,,,,,,,,,,,
ID_ITEM_03,CA1,,,,,AA4,AA5,AA6,AA7,AA8,AA9,AA10,AA11,AA12,AA13,AA14,AA15,AA16,AA17,,,,,,,,,,,AB1,AD0,,,,,,,,,,,,,,,,,,DB3,,DZ1,,,,,,,,,,,,,,,,,,,,,,,,,,,,,,,,,,,,,,,,,,,BA5,,,,,,,,,,,,,,,,
ITEM_04,"/4 - O shopping de Juazeiro um dos maiores centros comerciais e de entretenimento da região, seria bom começar em um lugar mais moderno.",,,,,,,,,,,,,,,,,,,,,,,,,,,,,,"/4 Embora nunca tenha andado de teleférico, eu não gostaria de ir neste teleférico ate Padre Cicero nesse momento",,,,,,,,,,,,,,,,,,,,,,,,,,,,,,,,,,,,,,,,,,,,,,,,,,,,,,,,,,,,,,,,,,,,,,,,,,,,,,,
ID_ITEM_04,DA1,,,,,,,,,,,,,,,,,,,,,,,,,,,,,,AB2,,,,,,,,,,,,,,,,,,,,,,,,,,,,,,,,,,,,,,,,,,,,,,,,,,,,,,,,,,,,,,,,,,,,,,,,,,,,,,,
